date,quiet luxury,cottagecore,clean girl aesthetic,cruelty free skincare,market
2026-04-19,28,70,0,0,US
2026-04-20,24,58,7,0,US
2026-04-21,30,46,0,0,US
2026-04-22,25,50,0,0,US
2026-04-23,25,48,5,0,US
2026-04-24,18,43,0,0,US
2026-04-25,23,48,0,0,US
2026-04-26,33,52,0,0,US
2026-04-27,23,50,0,0,US
2026-04-28,20,42,0,0,US
2026-04-29,19,39,6,0,US
2026-04-30,17,36,6,0,US
2026-05-01,20,39,0,0,US
2026-05-02,32,36,0,0,US
2026-05-03,19,40,0,0,US
2026-05-04,23,38,5,0,US
2026-05-05,21,36,5,0,US
2026-05-06,34,33,0,0,US
2026-05-07,30,49,0,0,US
2026-05-08,29,41,5,0,US
2026-05-09,29,52,0,0,US
2026-05-10,32,51,6,0,US
2026-05-11,28,38,0,0,US
2026-05-12,22,35,0,0,US
2026-05-13,34,75,0,0,US
2026-05-14,35,93,5,0,US
2026-05-15,34,92,0,0,US
2026-05-16,52,97,10,0,US
2026-05-17,64,100,0,0,US
2026-05-18,51,85,8,0,US
2026-05-19,41,74,0,0,US
2026-05-20,32,65,9,0,US
2026-05-21,30,54,0,7,US
2026-05-22,24,73,0,0,US
2026-05-23,37,44,0,0,US
2026-05-24,28,47,0,0,US
2026-05-25,36,49,0,0,US
2026-05-26,30,53,0,0,US
2026-05-27,26,43,0,0,US
2026-05-28,30,35,7,0,US
2026-05-29,24,35,6,6,US
2026-05-30,24,36,0,6,US
2026-05-31,30,54,0,0,US
2026-06-01,32,37,6,0,US
2026-06-02,29,30,0,0,US
2026-06-03,21,47,5,0,US
2026-06-04,30,45,0,0,US
2026-06-05,24,45,0,0,US
2026-06-06,40,49,11,7,US
2026-06-07,41,64,0,6,US
2026-06-08,32,54,0,0,US
2026-06-09,28,51,0,0,US
2026-06-10,31,47,0,0,US
2026-06-11,21,40,0,0,US
2026-06-12,34,38,6,0,US
2026-06-13,27,44,0,0,US
2026-06-14,25,48,5,0,US
2026-06-15,27,48,0,0,US
2026-06-16,23,50,0,0,US
2026-06-17,24,41,0,0,US
2026-06-18,20,35,0,0,US
2026-06-19,24,44,0,0,US
2026-06-20,29,87,6,0,US
2026-06-21,28,48,0,0,US
2026-06-22,26,54,0,0,US
2026-06-23,30,60,0,0,US
2026-06-24,29,51,7,0,US
2026-06-25,27,58,0,0,US
2026-06-26,21,32,0,0,US
2026-06-27,28,30,0,0,US
2026-06-28,21,33,0,0,US
2026-06-29,26,29,0,0,US
2026-06-30,20,30,0,0,US
2026-07-01,19,28,0,0,US
2026-07-02,15,21,0,0,US
2026-07-03,17,22,0,0,US
2026-07-04,22,24,0,0,US
2026-07-05,13,23,3,1,US
2026-07-06,10,20,3,2,US
2026-07-07,11,23,2,1,US
2026-07-08,11,22,3,2,US
2026-07-09,9,21,3,1,US
2026-07-10,12,20,3,1,US
2026-07-11,11,19,3,1,US
2026-07-12,10,20,3,1,US
2026-07-13,9,20,3,1,US
2026-07-14,9,19,2,1,US
2026-07-15,9,26,3,1,US
2026-07-16,7,27,2,1,US
2026-07-17,8,22,3,1,US
2026-07-18,9,18,3,1,US
2026-07-19,11,18,2,2,US
2026-04-19,0,0,0,0,India
2026-04-20,0,0,0,0,India
2026-04-21,0,0,0,0,India
2026-04-22,0,0,0,0,India
2026-04-23,0,0,0,0,India
2026-04-24,0,0,0,0,India
2026-04-25,0,0,0,0,India
2026-04-26,0,0,0,0,India
2026-04-27,0,0,0,0,India
2026-04-28,0,0,0,0,India
2026-04-29,0,0,0,0,India
2026-04-30,0,0,0,0,India
2026-05-01,0,0,0,0,India
2026-05-02,0,0,0,0,India
2026-05-03,0,0,0,0,India
2026-05-04,0,0,0,0,India
2026-05-05,0,0,0,0,India
2026-05-06,0,0,0,0,India
2026-05-07,0,0,0,0,India
2026-05-08,0,0,0,0,India
2026-05-09,0,0,0,0,India
2026-05-10,0,0,0,0,India
2026-05-11,0,0,0,0,India
2026-05-12,0,0,0,0,India
2026-05-13,0,0,0,0,India
2026-05-14,0,0,0,0,India
2026-05-15,18,0,0,0,India
2026-05-16,0,0,0,0,India
2026-05-17,100,0,0,0,India
2026-05-18,0,0,0,0,India
2026-05-19,0,0,0,0,India
2026-05-20,0,0,0,0,India
2026-05-21,0,0,0,0,India
2026-05-22,0,0,0,0,India
2026-05-23,0,0,0,0,India
2026-05-24,17,0,0,0,India
2026-05-25,0,0,0,0,India
2026-05-26,0,0,0,0,India
2026-05-27,0,0,0,0,India
2026-05-28,0,0,0,0,India
2026-05-29,0,0,0,0,India
2026-05-30,0,0,0,0,India
2026-05-31,0,0,0,0,India
2026-06-01,14,0,0,0,India
2026-06-02,0,0,0,0,India
2026-06-03,0,0,0,0,India
2026-06-04,0,0,0,0,India
2026-06-05,0,0,0,0,India
2026-06-06,0,0,0,0,India
2026-06-07,0,0,0,0,India
2026-06-08,0,0,0,0,India
2026-06-09,0,0,0,0,India
2026-06-10,0,0,0,0,India
2026-06-11,0,0,0,0,India
2026-06-12,0,0,0,0,India
2026-06-13,0,0,0,0,India
2026-06-14,0,0,0,0,India
2026-06-15,0,0,0,0,India
2026-06-16,0,0,0,0,India
2026-06-17,0,0,0,0,India
2026-06-18,0,0,0,0,India
2026-06-19,0,0,0,0,India
2026-06-20,0,0,0,0,India
2026-06-21,0,0,0,0,India
2026-06-22,0,25,0,0,India
2026-06-23,0,0,0,0,India
2026-06-24,0,0,0,0,India
2026-06-25,0,0,0,0,India
2026-06-26,17,0,0,0,India
2026-06-27,0,0,0,0,India
2026-06-28,0,0,0,0,India
2026-06-29,0,0,0,0,India
2026-06-30,0,0,0,0,India
2026-07-01,0,0,0,0,India
2026-07-02,0,0,0,0,India
2026-07-03,0,0,0,0,India
2026-07-04,0,0,0,0,India
2026-07-05,5,6,2,0,India
2026-07-06,4,5,1,0,India
2026-07-07,4,4,1,0,India
2026-07-08,3,5,0,0,India
2026-07-09,3,5,1,0,India
2026-07-10,3,3,2,0,India
2026-07-11,3,5,2,0,India
2026-07-12,2,5,0,1,India
2026-07-13,3,4,0,0,India
2026-07-14,3,4,0,0,India
2026-07-15,3,4,0,0,India
2026-07-16,3,3,1,0,India
2026-07-17,3,3,0,0,India
2026-07-18,1,4,0,0,India
2026-07-19,4,0,0,0,India
