date,quiet luxury,cottagecore,clean girl aesthetic,cruelty free skincare,market
2026-07-03,9,14,0,0,US
2026-07-04,15,14,0,0,US
2026-07-05,15,17,0,0,US
2026-07-06,11,15,3,0,US
2026-07-07,13,16,0,0,US
2026-07-08,14,17,0,0,US
2026-07-09,11,15,0,0,US
2026-07-10,7,12,0,0,US
2026-07-11,12,10,0,0,US
2026-07-12,13,14,0,0,US
2026-07-13,8,13,0,0,US
2026-07-14,7,15,0,0,US
2026-07-15,7,12,0,0,US
2026-07-16,6,16,0,0,US
2026-07-17,7,11,0,0,US
2026-07-18,9,12,0,0,US
2026-07-19,21,13,0,0,US
2026-07-20,12,11,0,0,US
2026-07-21,11,10,0,0,US
2026-07-22,7,13,0,0,US
2026-07-23,4,11,0,0,US
2026-07-24,5,10,0,0,US
2026-07-25,4,14,0,0,US
2026-07-26,6,14,0,0,US
2026-07-27,7,13,0,0,US
2026-07-28,8,12,0,0,US
2026-07-29,3,10,0,0,US
2026-07-30,7,9,0,0,US
2026-07-31,100,12,4,0,US
2026-08-01,22,10,0,0,US
2026-08-02,11,15,0,0,US
2026-08-03,10,10,0,0,US
2026-08-04,5,12,0,0,US
2026-08-05,4,13,0,5,US
2026-08-06,4,11,0,0,US
2026-08-07,6,12,0,0,US
2026-08-08,4,8,0,0,US
2026-08-09,6,14,0,0,US
2026-08-10,7,12,0,0,US
2026-08-11,7,11,0,0,US
2026-08-12,5,10,0,0,US
2026-08-13,6,11,0,0,US
2026-08-14,5,12,0,0,US
2026-08-15,0,13,0,0,US
2026-08-16,8,14,0,0,US
2026-08-17,6,8,0,0,US
2026-08-18,6,9,3,0,US
2026-08-19,4,11,0,0,US
2026-08-20,7,8,3,0,US
2026-08-21,7,8,0,0,US
2026-08-22,4,17,0,0,US
2026-08-23,3,11,0,0,US
2026-08-24,5,12,0,0,US
2026-08-25,6,11,3,0,US
2026-08-26,6,10,0,0,US
2026-08-27,0,11,0,0,US
2026-08-28,4,11,0,0,US
2026-08-29,5,14,0,0,US
2026-08-30,6,14,0,0,US
2026-08-31,3,11,0,0,US
2026-09-01,5,11,3,0,US
2026-09-02,6,19,0,0,US
2026-09-03,4,26,0,0,US
2026-09-04,6,22,0,0,US
2026-09-05,6,27,0,0,US
2026-09-06,7,32,0,0,US
2026-09-07,5,34,0,0,US
2026-09-08,3,25,0,0,US
2026-09-09,5,30,3,0,US
2026-09-10,7,22,0,0,US
2026-09-11,4,18,0,0,US
2026-09-12,6,9,0,0,US
2026-09-13,4,18,0,0,US
2026-09-14,5,23,0,0,US
2026-09-15,6,24,0,0,US
2026-09-16,4,15,0,0,US
2026-09-17,4,23,0,0,US
2026-09-18,0,25,0,0,US
2026-09-19,4,28,2,0,US
2026-09-20,5,46,2,0,US
2026-09-21,4,26,2,0,US
2026-09-22,4,18,1,0,US
2026-09-23,4,10,1,1,US
2026-09-24,4,9,1,1,US
2026-09-25,4,8,2,1,US
2026-09-26,4,11,2,1,US
2026-09-27,4,11,2,1,US
2026-09-28,4,9,1,1,US
2026-09-29,4,11,1,1,US
2026-09-30,4,10,1,0,US
2026-10-01,3,9,2,1,US
2026-10-02,10,8,1,1,US
2026-10-03,5,10,1,1,US
2026-07-03,0,0,0,0,India
2026-07-04,0,0,0,0,India
2026-07-05,0,0,0,0,India
2026-07-06,0,0,0,0,India
2026-07-07,0,0,0,0,India
2026-07-08,0,0,0,0,India
2026-07-09,0,0,0,0,India
2026-07-10,0,0,0,0,India
2026-07-11,0,0,0,0,India
2026-07-12,0,0,0,0,India
2026-07-13,0,0,0,0,India
2026-07-14,0,0,0,0,India
2026-07-15,46,0,0,0,India
2026-07-16,0,0,0,0,India
2026-07-17,0,0,0,0,India
2026-07-18,0,0,0,0,India
2026-07-19,0,0,0,0,India
2026-07-20,0,0,0,100,India
2026-07-21,0,0,0,0,India
2026-07-22,0,0,0,0,India
2026-07-23,0,0,0,0,India
2026-07-24,0,0,0,0,India
2026-07-25,0,0,0,0,India
2026-07-26,0,0,0,0,India
2026-07-27,0,0,0,0,India
2026-07-28,0,0,0,0,India
2026-07-29,0,0,0,0,India
2026-07-30,0,0,0,0,India
2026-07-31,0,0,0,0,India
2026-08-01,0,0,0,0,India
2026-08-02,0,0,0,0,India
2026-08-03,0,0,0,0,India
2026-08-04,0,0,0,0,India
2026-08-05,0,0,0,0,India
2026-08-06,0,0,0,0,India
2026-08-07,0,0,0,0,India
2026-08-08,0,0,0,0,India
2026-08-09,0,0,0,0,India
2026-08-10,0,0,0,0,India
2026-08-11,0,0,0,0,India
2026-08-12,0,0,0,0,India
2026-08-13,0,0,0,0,India
2026-08-14,0,0,0,0,India
2026-08-15,0,0,0,0,India
2026-08-16,69,0,0,0,India
2026-08-17,0,0,0,0,India
2026-08-18,0,0,0,0,India
2026-08-19,0,0,0,0,India
2026-08-20,0,0,0,0,India
2026-08-21,0,0,0,0,India
2026-08-22,0,0,0,0,India
2026-08-23,0,0,0,0,India
2026-08-24,0,0,0,0,India
2026-08-25,0,0,0,0,India
2026-08-26,0,0,0,0,India
2026-08-27,0,0,0,0,India
2026-08-28,0,0,0,0,India
2026-08-29,0,0,0,0,India
2026-08-30,0,0,0,0,India
2026-08-31,0,0,0,0,India
2026-09-01,0,0,0,0,India
2026-09-02,0,0,0,0,India
2026-09-03,84,0,0,0,India
2026-09-04,0,0,0,0,India
2026-09-05,0,0,0,0,India
2026-09-06,0,0,0,0,India
2026-09-07,0,0,0,0,India
2026-09-08,0,0,0,0,India
2026-09-09,0,0,0,0,India
2026-09-10,0,0,0,0,India
2026-09-11,0,0,0,0,India
2026-09-12,0,0,0,0,India
2026-09-13,0,0,0,0,India
2026-09-14,0,0,0,0,India
2026-09-15,0,0,0,0,India
2026-09-16,0,0,0,0,India
2026-09-17,0,0,0,0,India
2026-09-18,0,0,0,0,India
2026-09-19,0,0,0,0,India
2026-09-20,0,0,0,0,India
2026-09-21,0,0,0,0,India
2026-09-22,16,16,0,0,India
2026-09-23,9,7,0,0,India
2026-09-24,9,7,0,0,India
2026-09-25,8,9,0,0,India
2026-09-26,4,8,0,0,India
2026-09-27,5,10,0,0,India
2026-09-28,10,8,0,0,India
2026-09-29,5,8,0,0,India
2026-09-30,8,7,0,0,India
2026-10-01,4,7,0,0,India
2026-10-02,8,11,4,0,India
2026-10-03,7,0,0,0,India
